,Survived,Pclass,Sex,Age,SibSp,Parch,Fare,embark_Q,embark_S
0,0,3,1,-0.5904949280793784,1,0,-0.7228293143638498,0,1
1,1,1,0,0.6439710094454072,1,0,1.6316908534646186,0,0
2,1,3,0,-0.28187844369818205,0,0,-0.6980093985812146,0,1
3,1,1,0,0.4125086461595099,1,0,0.9630864465751504,0,1
4,0,3,1,0.4125086461595099,0,0,-0.6934131178807266,0,1
5,0,3,1,0.00352372718875205,0,0,-0.6783998266006526,1,0
6,0,1,1,1.878436946970193,0,0,0.9175832676403191,0,1
7,0,3,1,-2.1335773499853605,3,1,-0.21448066888987652,0,1
8,1,3,0,-0.20472432260288295,0,2,-0.5800394196102092,0,1
9,1,2,0,-1.2077278968417713,1,0,0.11629710651372341,0,0
10,1,3,0,-1.9792691077947624,1,1,-0.3753504934069567,0,1
11,1,1,0,2.1870534313513894,0,0,-0.013163574208501843,0,1
12,0,3,1,-0.7448031702699767,0,0,-0.6934131178807266,0,1
13,0,3,1,0.7211251305407064,1,5,0.16057583626994465,0,1
14,0,3,0,-1.2077278968417713,0,0,-0.7006127319699711,0,1
15,1,2,0,1.955591068065492,0,0,-0.4010896653296895,0,1
16,0,3,1,-2.1335773499853605,4,1,0.08151980822155103,1,0
17,1,2,1,0.00352372718875205,0,0,-0.5114004021414016,0,1
18,0,3,0,0.10389216177831348,1,0,-0.3275491741218814,0,1
19,1,3,0,0.00352372718875205,0,0,-0.7237485705039474,0,0
20,0,2,1,0.4125086461595099,0,0,-0.03338720929064909,0,1
21,1,2,1,0.3353545250642108,0,0,-0.5114004021414016,0,1
22,1,3,0,-1.1305737757464722,0,0,-0.6941779389892878,1,0
23,1,1,1,-0.12757020150758383,0,0,0.31593012394643927,0,1
24,0,3,0,-1.670652623413566,3,1,-0.21448066888987652,0,1
25,1,3,0,0.6439710094454072,1,5,0.1647124889003839,0,1
26,0,3,1,0.00352372718875205,0,0,-0.7237485705039474,0,0
27,0,1,1,-0.8219572913652758,3,2,2.6876109653982496,0,1
28,1,3,0,0.00352372718875205,0,0,-0.6996934758298734,1,0
29,0,3,1,0.00352372718875205,0,0,-0.6990830897528485,0,1
30,0,1,1,0.7982792516360054,0,0,0.029887029344549,0,0
31,1,1,0,0.00352372718875205,1,0,2.6876109653982496,0,0
32,1,3,0,0.00352372718875205,0,0,-0.7044441915618977,1,0
33,0,2,1,2.8042864001137824,0,0,-0.6033260161511617,0,1
34,0,1,1,-0.12757020150758383,1,0,2.032026902477124,0,0
35,0,1,1,0.9525874938266037,1,0,0.9226391764108559,0,1
36,1,3,1,0.00352372718875205,0,0,-0.723594135472411,0,0
37,0,3,1,-0.6676490491746776,0,0,-0.6934131178807266,0,1
38,0,3,0,-0.8991114124605749,2,0,-0.3275491741218814,0,1
39,1,3,0,-1.2077278968417713,1,0,-0.5760535249867461,0,0
40,0,3,0,0.7982792516360054,1,0,-0.6410155178951633,0,1
41,0,2,0,-0.20472432260288295,1,0,-0.21723843731016929,0,1
42,0,3,1,0.00352372718875205,0,0,-0.6990830897528485,0,0
43,1,2,0,-2.0564232288900617,1,2,0.5394638010216927,0,0
44,1,3,0,-0.8219572913652758,0,0,-0.6996934758298734,1,0
45,0,3,1,0.00352372718875205,0,0,-0.6934131178807266,0,1
46,0,3,1,0.00352372718875205,1,0,-0.4194747881316415,1,0
47,1,3,0,0.00352372718875205,0,0,-0.7044441915618977,1,0
48,0,3,1,0.00352372718875205,2,0,-0.1922640864959976,0,0
49,0,3,0,-0.8991114124605749,1,0,-0.3349032232426622,0,1
50,0,3,1,-1.747806744508865,4,1,0.46990552741278746,0,1
51,0,3,1,-0.6676490491746776,0,0,-0.7026056792817026,0,1
52,1,1,0,1.4926663414936974,1,0,1.83193793399892,0,0
53,1,2,0,-0.050416080412284736,1,0,-0.03338720929064909,0,1
54,0,1,1,2.7271322790184835,0,1,1.289576811341335,0,0
55,1,1,1,0.00352372718875205,0,0,0.31593012394643927,0,1
56,1,2,0,-0.6676490491746776,0,0,-0.6033260161511617,0,1
57,0,3,1,-0.08899314095993428,0,0,-0.723594135472411,0,0
58,1,2,0,-1.9021149866994633,1,2,0.030960720516182975,0,1
59,0,3,1,-1.4391902601276687,5,2,0.7351109238309452,0,1
60,0,3,1,-0.5904949280793784,0,0,-0.723594135472411,0,0
62,0,1,1,1.1840498571125009,1,0,2.079982656793735,0,1
63,0,3,1,-1.9792691077947624,3,2,0.03647625735676853,0,1
64,0,1,1,0.00352372718875205,0,0,0.029887029344549,0,0
65,1,3,1,0.00352372718875205,1,1,-0.42882178456415393,0,0
66,1,2,0,-0.050416080412284736,0,0,-0.6033260161511617,0,1
67,0,3,1,-0.8219572913652758,0,0,-0.6894309002818237,0,1
68,1,3,0,-0.976265533555874,4,2,-0.6980093985812146,0,1
69,0,3,1,-0.28187844369818205,2,0,-0.6708913424483353,0,1
70,0,2,1,0.18104628287361257,0,0,-0.6033260161511617,0,1
71,0,3,0,-1.0534196546511732,5,2,0.7351109238309452,0,1
72,0,2,1,-0.6676490491746776,0,0,1.7131994568947928,0,1
73,0,3,1,-0.28187844369818205,1,0,-0.45792911098420436,0,0
74,1,3,1,0.18104628287361257,0,0,1.087950846596888,0,1
75,0,3,1,-0.35903256479348117,0,0,-0.7081212161222883,0,1
76,0,3,1,0.00352372718875205,0,0,-0.6990830897528485,0,1
77,0,3,1,0.00352372718875205,0,0,-0.6934131178807266,0,1
78,1,2,1,-2.2238476716668605,0,2,0.07692352752106303,0,1
79,1,3,0,0.026738040683014372,0,0,-0.5307047810834512,0,1
80,0,3,1,-0.5904949280793784,0,0,-0.6584813845570178,0,1
81,1,3,1,-0.050416080412284736,0,0,-0.6400962617550657,0,1
82,1,3,0,0.00352372718875205,0,0,-0.7030653073517513,1,0
83,0,1,1,-0.12757020150758383,0,0,0.7424649729517262,0,1
84,1,2,0,-0.976265533555874,0,0,-0.6033260161511617,0,1
85,1,3,0,0.2582004039689117,3,0,-0.4066052021702751,0,1
86,0,3,1,-1.0534196546511732,1,3,0.27456359764204724,0,1
87,0,3,1,0.00352372718875205,0,0,-0.6934131178807266,0,1
88,1,1,0,-0.5133408069840794,3,2,2.6876109653982496,0,1
89,0,3,1,-0.4361866858887803,0,0,-0.6934131178807266,0,1
90,0,3,1,-0.050416080412284736,0,0,-0.6934131178807266,0,1
91,0,3,1,-0.7448031702699767,0,0,-0.7006127319699711,0,1
92,0,1,1,1.2612039782078002,1,0,1.2600061798266753,0,1
93,0,3,1,-0.28187844369818205,1,2,-0.23286579169182853,0,1
94,0,3,1,2.2642075524466883,0,0,-0.7228293143638498,0,1
95,0,3,1,0.00352372718875205,0,0,-0.6934131178807266,0,1
96,0,1,1,3.190057005590278,0,0,0.28482985021465734,0,0
97,1,1,1,-0.5133408069840794,0,1,1.340286657053679,0,0
98,1,2,0,0.3353545250642108,0,1,-0.1436979461023612,0,1
99,0,2,1,0.3353545250642108,1,0,-0.03338720929064909,0,1
100,0,3,0,-0.12757020150758383,0,0,-0.6990830897528485,0,1
101,0,3,1,0.00352372718875205,0,0,-0.6990830897528485,0,1
102,0,1,1,-0.6676490491746776,0,1,1.8524667621195792,0,1
103,0,3,1,0.2582004039689117,0,0,-0.6711965354868478,0,1
104,0,3,1,0.5668168883501081,2,0,-0.6980093985812146,0,1
105,0,3,1,-0.12757020150758383,0,0,-0.6990830897528485,0,1
106,1,3,0,-0.6676490491746776,0,0,-0.7081212161222883,0,1
107,1,3,1,0.00352372718875205,0,0,-0.7035249354218003,0,1
108,0,3,1,0.6439710094454072,0,0,-0.6990830897528485,0,1
109,1,3,0,0.00352372718875205,1,0,-0.10141216365787162,1,0
110,0,1,1,1.3383580993030992,0,0,0.9226391764108559,0,1
111,0,3,0,-1.1691508362941219,1,0,-0.45792911098420436,0,0
112,0,3,1,-0.5904949280793784,0,0,-0.6934131178807266,0,1
113,0,3,0,-0.7448031702699767,1,0,-0.628145931933797,0,1
114,0,3,0,-0.976265533555874,0,0,-0.45777835297722835,0,0
115,0,3,1,-0.6676490491746776,0,0,-0.6980093985812146,0,1
116,0,3,1,3.1514799450426283,0,0,-0.7044441915618977,1,0
117,0,2,1,-0.050416080412284736,1,0,-0.21723843731016929,0,1
118,0,1,1,-0.4361866858887803,0,1,2.6876109653982496,0,0
119,0,3,0,-2.1335773499853605,4,2,0.16057583626994465,0,1
120,0,2,1,-0.6676490491746776,2,0,1.7131994568947928,0,1
121,0,3,1,0.00352372718875205,0,0,-0.6934131178807266,0,1
122,0,2,1,0.21962334342126213,1,0,0.11629710651372341,0,0
123,1,2,0,0.21962334342126213,0,0,-0.5114004021414016,0,1
124,0,1,1,1.878436946970193,0,1,1.8524667621195792,0,1
125,1,3,1,-1.3620361390323696,1,0,-0.5760535249867461,0,0
126,0,3,1,0.00352372718875205,0,0,-0.7044441915618977,1,0
127,1,3,1,-0.4361866858887803,0,0,-0.7268115319627526,0,1
128,1,3,0,0.00352372718875205,1,1,-0.16729341270638642,0,0
129,0,3,1,1.1840498571125009,0,0,-0.7329411319049234,0,1
130,0,3,1,0.2582004039689117,0,0,-0.6990830897528485,0,0
131,0,3,1,-0.7448031702699767,0,0,-0.7301833634846306,0,1
132,0,3,0,1.3383580993030992,1,0,-0.45624503373554554,0,1
133,1,2,0,-0.050416080412284736,1,0,-0.03338720929064909,0,1
134,0,2,1,-0.35903256479348117,0,0,-0.5114004021414016,0,1
135,0,2,1,-0.5133408069840794,0,0,-0.43617583368493473,0,0
136,1,1,0,-0.8219572913652758,0,2,-0.022970198711063056,0,1
137,0,1,1,0.5668168883501081,1,0,0.9630864465751504,0,1
138,0,3,1,-1.0534196546511732,0,0,-0.6505132723346517,0,1
139,0,1,1,-0.4361866858887803,0,0,1.9227898568370458,0,0
140,0,3,0,0.00352372718875205,0,2,-0.42882178456415393,0,0
141,1,3,0,-0.5904949280793784,0,0,-0.7044441915618977,0,1
142,1,3,0,-0.4361866858887803,1,0,-0.4066052021702751,0,1
143,0,3,1,-0.8219572913652758,0,0,-0.7412144371658018,1,0
144,0,2,1,-0.8991114124605749,0,0,-0.5665557705472577,0,1
145,0,2,1,-0.8219572913652758,1,1,0.3618929309513193,0,1
146,1,3,1,-0.20472432260288295,0,0,-0.702760114313239,0,1
147,0,3,0,-1.5934985023182668,2,2,0.27456359764204724,0,1
148,0,2,1,0.5282398278024586,0,2,-0.03338720929064909,0,1
149,0,2,1,0.9525874938266037,0,0,-0.5114004021414016,0,1
150,0,2,1,1.6469745836842955,0,0,-0.528866268803256,0,1
151,1,1,0,-0.5904949280793784,1,0,1.4594847622278546,0,1
152,0,3,1,1.9941681286131416,0,0,-0.6934131178807266,0,1
153,0,3,1,0.836856312183655,0,2,-0.45624503373554554,0,1
154,0,3,1,0.00352372718875205,0,0,-0.7205311740136058,0,1
155,0,1,1,1.6469745836842955,0,1,1.2675146639789925,0,0
156,1,3,0,-1.0534196546511732,0,0,-0.705058254663483,1,0
157,0,3,1,0.026738040683014372,0,0,-0.6934131178807266,0,1
158,0,3,1,0.00352372718875205,0,0,-0.6708913424483353,0,1
159,0,3,1,0.00352372718875205,8,2,1.5679569867593717,0,1
160,0,3,1,1.1068957360172018,0,1,-0.397412640769299,0,1
161,1,2,0,0.7982792516360054,0,0,-0.4102822267306655,0,1
162,0,3,1,-0.28187844369818205,0,0,-0.7035249354218003,0,1
163,0,3,1,-0.976265533555874,0,0,-0.6708913424483353,0,1
164,0,3,1,-2.21073147108066,4,1,0.46990552741278746,0,1
165,1,3,1,-1.5934985023182668,0,2,-0.23470430397202377,0,1
166,1,1,0,0.00352372718875205,0,1,1.0329499132225681,0,1
167,0,3,0,1.1840498571125009,1,4,0.03647625735676853,0,1
168,0,1,1,0.00352372718875205,0,0,-0.03614497771094187,0,1
169,0,3,1,-0.12757020150758383,0,0,1.087950846596888,0,1
170,0,1,1,2.418515794637287,0,0,0.2423896327386312,0,1
171,0,3,1,-1.9792691077947624,4,1,0.08151980822155103,1,0
172,1,3,0,-2.21073147108066,1,1,-0.5800394196102092,0,1
173,0,3,1,-0.6676490491746776,0,0,-0.6980093985812146,0,1
174,0,1,1,2.0327451891607913,0,0,0.13927851001616343,0,0
175,0,3,1,-0.8991114124605749,1,1,-0.7006127319699711,0,1
176,0,3,1,0.00352372718875205,3,1,-0.05299678127121114,0,1
177,0,1,0,1.5698204625889964,0,0,0.06635208190994056,0,0
178,0,2,1,0.026738040683014372,0,0,-0.5114004021414016,0,1
179,0,3,1,0.489662767254809,0,0,-0.9894135949921541,0,1
180,0,3,0,0.00352372718875205,8,2,1.5679569867593717,0,1
181,0,2,1,0.00352372718875205,0,0,-0.4360213986533983,0,0
182,0,3,1,-1.5934985023182668,4,2,0.1647124889003839,0,1
183,1,2,1,-2.21073147108066,2,1,0.4446259835601034,0,1
184,1,3,0,-1.9792691077947624,0,2,-0.1795489355661677,0,1
185,0,1,1,0.00352372718875205,0,0,0.8490986852030479,0,1
186,1,3,0,0.00352372718875205,1,0,-0.4194747881316415,1,0
187,1,1,1,1.1840498571125009,0,0,-0.013163574208501843,0,1
188,0,3,1,0.7982792516360054,1,1,-0.4194747881316415,1,0
189,0,3,1,0.489662767254809,0,0,-0.6990830897528485,0,1
190,1,2,0,0.18104628287361257,0,0,-0.5114004021414016,0,1
191,0,2,1,-0.8219572913652758,0,0,-0.5114004021414016,0,1
192,1,3,0,-0.8219572913652758,1,0,-0.7006127319699711,0,1
193,1,2,1,-2.0564232288900617,1,1,-0.03338720929064909,0,1
194,1,1,0,1.1068957360172018,0,0,0.029887029344549,0,0
195,1,1,0,2.1870534313513894,0,0,2.6876109653982496,0,0
196,0,3,1,0.00352372718875205,0,0,-0.7044441915618977,1,0
197,0,3,1,0.9525874938266037,0,1,-0.6803890968878238,0,1
198,1,3,0,0.00352372718875205,0,0,-0.7044441915618977,1,0
199,0,2,0,-0.4361866858887803,0,0,-0.5114004021414016,0,1
200,0,3,1,-0.12757020150758383,0,0,-0.6400962617550657,0,1
201,0,3,1,0.00352372718875205,8,2,1.5679569867593717,0,1
202,0,3,1,0.3353545250642108,0,0,-0.7505614335983143,0,1
203,0,3,1,1.2226269176601505,0,0,-0.7237485705039474,0,0
204,1,3,1,-0.8991114124605749,0,0,-0.6934131178807266,0,1
205,0,3,0,-2.1335773499853605,0,1,-0.6047049003613082,0,1
206,0,3,1,0.18104628287361257,1,0,-0.4066052021702751,0,1
207,1,3,1,-0.28187844369818205,0,0,-0.2985926057088069,0,0
208,1,3,0,-1.0534196546511732,0,0,-0.7044441915618977,1,0
209,1,1,1,0.7982792516360054,0,0,0.1504640187288711,0,0
210,0,3,1,-0.4361866858887803,0,0,-0.7301833634846306,0,1
211,1,2,0,0.4125086461595099,0,0,-0.21723843731016929,0,1
212,0,3,1,-0.5904949280793784,0,0,-0.7228293143638498,0,1
213,0,2,1,0.026738040683014372,0,0,-0.5114004021414016,0,1
214,0,3,1,0.00352372718875205,1,0,-0.7044441915618977,1,0
215,1,1,0,0.10389216177831348,1,0,2.6876109653982496,0,0
216,1,3,0,-0.20472432260288295,0,0,-0.6980093985812146,0,1
217,0,2,1,0.9525874938266037,1,0,0.003383036313254947,0,1
218,1,1,0,0.18104628287361257,0,0,1.8158509515472119,0,0
219,0,2,1,0.026738040683014372,0,0,-0.6033260161511617,0,1
220,1,3,1,-1.0534196546511732,0,0,-0.6934131178807266,0,1
221,0,2,1,-0.20472432260288295,0,0,-0.5114004021414016,0,1
222,0,3,1,1.6469745836842955,0,0,-0.6934131178807266,0,1
223,0,3,1,0.00352372718875205,0,0,-0.6990830897528485,0,1
224,1,1,1,0.6439710094454072,1,0,2.3199085093592093,0,1
225,0,3,1,-0.5904949280793784,0,0,-0.6456117985956513,0,1
226,1,2,1,-0.8219572913652758,0,0,-0.6033260161511617,0,1
227,0,3,1,-0.7062261097223271,0,0,-0.7228293143638498,0,1
228,0,2,1,-0.8991114124605749,0,0,-0.5114004021414016,0,1
229,0,3,0,0.00352372718875205,3,1,-0.05299678127121114,0,1
230,1,1,0,0.4125086461595099,1,0,2.079982656793735,0,1
231,0,3,1,-0.050416080412284736,0,0,-0.7035249354218003,0,1
232,0,2,1,2.2642075524466883,0,0,-0.49301527933944955,0,1
233,1,3,0,-1.9021149866994633,4,2,0.1647124889003839,0,1
234,0,2,1,-0.4361866858887803,0,0,-0.6033260161511617,0,1
235,0,3,0,0.00352372718875205,0,0,-0.7117982406826786,0,1
236,0,2,1,1.1068957360172018,1,0,-0.03338720929064909,0,1
237,1,2,0,-1.670652623413566,0,2,-0.02419464788967308,0,1
238,0,2,1,-0.8219572913652758,0,0,-0.6033260161511617,0,1
239,0,2,1,0.2582004039689117,0,0,-0.5380588302042321,0,1
240,0,3,0,0.00352372718875205,1,0,-0.45792911098420436,0,0
241,1,3,0,0.00352372718875205,1,0,-0.4194747881316415,1,0
242,0,2,1,-0.050416080412284736,0,0,-0.6033260161511617,0,1
243,0,3,1,-0.5904949280793784,0,0,-0.7274255950643378,0,1
244,0,3,1,0.026738040683014372,0,0,-0.7237485705039474,0,0
245,0,1,1,1.1068957360172018,2,0,2.3199085093592093,1,0
246,0,3,0,-0.35903256479348117,0,0,-0.7035249354218003,0,1
247,1,2,0,-0.4361866858887803,0,2,-0.45624503373554554,0,1
248,1,1,1,0.5668168883501081,1,1,0.9430172465245396,0,1
249,0,2,1,1.878436946970193,1,0,-0.03338720929064909,0,1
250,0,3,1,0.00352372718875205,0,0,-0.7228293143638498,0,1
251,0,3,0,-0.050416080412284736,1,1,-0.6047049003613082,0,1
252,0,1,1,2.495669915732586,0,0,-0.013163574208501843,0,1
253,0,3,1,0.026738040683014372,1,0,-0.397412640769299,0,1
254,0,3,0,0.8754333727313045,0,2,-0.24619500572324376,0,1
255,1,3,0,-0.050416080412284736,0,2,-0.42882178456415393,0,0
256,1,1,0,0.00352372718875205,0,0,1.9227898568370458,0,0
257,1,1,0,0.026738040683014372,0,0,2.191212649745545,0,1
258,1,1,0,0.4125086461595099,0,0,2.6876109653982496,0,0
259,1,2,0,1.5698204625889964,0,1,-0.03338720929064909,0,1
260,0,3,1,0.00352372718875205,0,0,-0.7044441915618977,1,0
261,1,3,1,-2.0564232288900617,4,2,0.1647124889003839,0,1
262,0,1,1,1.7241287047795948,1,1,1.9393364673588027,0,1
263,0,1,1,0.7982792516360054,0,0,-0.9894135949921541,0,1
264,0,3,0,0.00352372718875205,0,0,-0.7044441915618977,1,0
265,0,2,1,0.489662767254809,0,0,-0.6033260161511617,0,1
266,0,3,1,-1.0534196546511732,4,1,0.46990552741278746,0,1
267,1,3,1,-0.35903256479348117,1,0,-0.7035249354218003,0,1
268,1,1,0,2.1870534313513894,0,1,2.6876109653982496,0,1
269,1,1,0,0.4125086461595099,0,0,2.6876109653982496,0,1
270,0,1,1,0.00352372718875205,0,0,0.1504640187288711,0,1
271,1,3,1,-0.35903256479348117,0,0,-0.9894135949921541,0,1
272,1,2,0,0.8754333727313045,0,1,-0.27239380571602534,0,1
273,0,1,1,0.5668168883501081,0,1,0.10266269944379583,0,0
274,1,3,0,0.00352372718875205,0,0,-0.7044441915618977,1,0
275,1,1,0,2.572824036827885,1,0,1.8771322428706778,0,1
276,0,3,0,1.1840498571125009,0,0,-0.7044441915618977,0,1
277,0,2,1,0.00352372718875205,0,0,-0.9894135949921541,0,1
278,0,3,1,-1.747806744508865,4,1,0.08151980822155103,1,0
279,1,3,0,0.4125086461595099,1,1,-0.2448161215130973,0,1
280,0,3,1,2.7271322790184835,0,0,-0.7044441915618977,1,0
281,0,3,1,-0.12757020150758383,0,0,-0.7006127319699711,0,1
282,0,3,1,-1.0534196546511732,0,0,-0.6400962617550657,0,1
283,1,3,1,-0.8219572913652758,0,0,-0.6934131178807266,0,1
284,0,1,1,0.00352372718875205,0,0,-0.03338720929064909,0,1
285,0,3,1,0.2582004039689117,0,0,-0.6708913424483353,0,0
286,1,3,1,0.026738040683014372,0,0,-0.6400962617550657,0,1
287,0,3,1,-0.5904949280793784,0,0,-0.6990830897528485,0,1
288,1,2,1,0.9525874938266037,0,0,-0.5114004021414016,0,1
289,1,3,0,-0.5904949280793784,0,0,-0.7044441915618977,1,0
290,1,1,0,-0.28187844369818205,0,0,1.909920270875679,0,1
291,1,1,0,-0.8219572913652758,1,0,2.359590958414943,0,0
292,0,2,1,0.489662767254809,0,0,-0.5159966828418896,0,0
293,0,3,0,-0.4361866858887803,0,0,-0.6639969213976034,0,1
294,0,3,1,-0.4361866858887803,0,0,-0.6990830897528485,0,1
295,0,1,1,0.00352372718875205,0,0,0.029887029344549,0,0
296,0,3,1,-0.4747637464364298,0,0,-0.723594135472411,0,0
297,0,1,0,-2.1335773499853605,1,2,2.6876109653982496,0,1
298,1,1,1,0.00352372718875205,0,0,0.13207889592691907,0,1
299,1,1,0,1.5698204625889964,0,1,2.6876109653982496,0,0
300,1,3,0,0.00352372718875205,0,0,-0.7044441915618977,1,0
301,1,3,1,0.00352372718875205,2,0,-0.1345053847013852,1,0
302,0,3,1,-0.8219572913652758,0,0,-0.9894135949921541,0,1
303,1,2,0,0.00352372718875205,0,0,-0.5353010617839392,1,0
304,0,3,1,0.00352372718875205,0,0,-0.6934131178807266,0,1
305,1,1,1,-2.2169038007682835,1,2,2.6876109653982496,0,1
306,1,1,0,0.00352372718875205,0,0,2.6876109653982496,0,0
307,1,1,0,-0.976265533555874,1,0,2.6876109653982496,0,0
308,0,2,1,0.026738040683014372,1,0,-0.10692770049845716,0,0
309,1,1,0,0.026738040683014372,0,0,1.1038870710416198,0,0
310,1,1,0,-0.4361866858887803,0,0,2.068337520010979,0,0
311,1,1,0,-0.8991114124605749,2,2,2.6876109653982496,0,0
312,0,2,0,-0.28187844369818205,1,1,-0.03338720929064909,0,1
313,0,3,1,-0.12757020150758383,0,0,-0.6990830897528485,0,1
314,0,2,1,1.0297416149219027,1,1,-0.02419464788967308,0,1
315,1,3,0,-0.28187844369818205,0,0,-0.7006127319699711,0,1
316,1,2,0,-0.4361866858887803,1,0,-0.03338720929064909,0,1
317,0,2,1,1.878436946970193,0,0,-0.47463015653749757,0,1
318,1,1,0,0.10389216177831348,0,2,2.6876109653982496,0,1
319,1,1,0,0.7982792516360054,1,1,2.6876109653982496,0,0
320,0,3,1,-0.5904949280793784,0,0,-0.7228293143638498,0,1
321,0,3,1,-0.20472432260288295,0,0,-0.6990830897528485,0,1
322,1,2,0,0.026738040683014372,0,0,-0.5353010617839392,1,0
323,1,2,0,-0.5904949280793784,1,1,0.07692352752106303,0,1
324,0,3,1,0.00352372718875205,8,2,1.5679569867593717,0,1
325,1,1,0,0.489662767254809,0,0,2.6876109653982496,0,0
326,0,3,1,2.418515794637287,0,0,-0.7600591880378026,0,1
327,1,2,0,0.489662767254809,0,0,-0.5114004021414016,0,1
328,1,3,0,0.10389216177831348,1,1,-0.23470430397202377,0,1
329,1,1,0,-1.0534196546511732,0,1,1.142495828925719,0,0
330,1,3,0,0.00352372718875205,2,0,-0.1345053847013852,1,0
331,0,1,1,1.2226269176601505,0,0,0.058538404719111,0,1
332,0,1,1,0.6439710094454072,0,1,2.6876109653982496,0,1
333,0,3,1,-1.0534196546511732,2,0,-0.3275491741218814,0,1
334,1,1,0,0.00352372718875205,1,0,2.6876109653982496,0,1
335,0,3,1,0.00352372718875205,0,0,-0.6990830897528485,0,1
336,0,1,1,-0.050416080412284736,1,0,1.4594847622278546,0,1
337,1,1,0,0.8754333727313045,0,0,2.6876109653982496,0,0
338,1,3,1,1.1840498571125009,0,0,-0.6934131178807266,0,1
339,0,1,1,1.1840498571125009,0,0,0.31593012394643927,0,1
340,1,2,1,-2.1335773499853605,1,1,-0.03338720929064909,0,1
341,1,1,0,-0.4361866858887803,3,2,2.6876109653982496,0,1
342,0,2,1,-0.12757020150758383,0,0,-0.5114004021414016,0,1
343,0,2,1,-0.35903256479348117,0,0,-0.5114004021414016,0,1
344,0,2,1,0.489662767254809,0,0,-0.5114004021414016,0,1
345,1,2,0,-0.4361866858887803,0,0,-0.5114004021414016,0,1
346,1,2,0,0.7982792516360054,0,0,-0.5114004021414016,0,1
347,1,3,0,0.00352372718875205,1,0,-0.397412640769299,0,1
348,1,3,1,-2.0564232288900617,1,1,-0.40476668989007986,0,1
349,0,3,1,0.9525874938266037,0,0,-0.6708913424483353,0,1
350,0,3,1,-0.5133408069840794,0,0,-0.6502080792961393,0,1
351,0,1,1,0.00352372718875205,0,0,0.29754500114448723,0,1
352,0,3,1,-1.1305737757464722,1,1,-0.723594135472411,0,0
353,0,3,1,-0.35903256479348117,1,0,-0.3349032232426622,0,1
354,0,3,1,0.00352372718875205,0,0,-0.7237485705039474,0,0
355,0,3,1,-0.12757020150758383,0,0,-0.6400962617550657,0,1
356,1,1,0,-0.5904949280793784,0,1,1.0329499132225681,0,1
357,0,2,0,0.6439710094454072,0,0,-0.5114004021414016,0,1
358,1,3,0,0.00352372718875205,0,0,-0.6996934758298734,1,0
359,1,3,0,0.00352372718875205,0,0,-0.6996934758298734,1,0
360,0,3,1,0.7982792516360054,1,4,0.03647625735676853,0,1
361,0,2,1,-0.050416080412284736,1,0,0.029887029344549,0,0
362,0,3,0,1.1840498571125009,0,1,-0.45792911098420436,0,0
363,0,3,1,0.4125086461595099,0,0,-0.7301833634846306,0,1
364,0,3,1,0.00352372718875205,1,0,-0.4194747881316415,1,0
365,0,3,1,0.026738040683014372,0,0,-0.7228293143638498,0,1
366,1,1,0,2.3413616735419875,1,0,1.7775473867016247,0,0
367,1,3,0,0.00352372718875205,0,0,-0.723594135472411,0,0
368,1,3,0,0.00352372718875205,0,0,-0.7044441915618977,1,0
369,1,1,0,-0.4361866858887803,0,0,1.5587644253583957,0,0
370,1,1,1,-0.35903256479348117,1,0,1.0491913307058123,0,0
371,0,3,1,-0.8991114124605749,1,0,-0.7505614335983143,0,1
372,0,3,1,-0.8219572913652758,0,0,-0.6934131178807266,0,1
373,0,1,1,-0.5904949280793784,0,0,2.6876109653982496,0,0
374,0,3,0,-2.0564232288900617,3,1,-0.21448066888987652,0,1
375,1,1,0,0.00352372718875205,1,0,2.032026902477124,0,0
376,1,3,0,-0.5904949280793784,0,0,-0.7228293143638498,0,1
377,0,1,1,-0.20472432260288295,0,2,2.6876109653982496,0,0
378,0,3,1,-0.7448031702699767,0,0,-0.8418729845064892,0,0
379,0,3,1,-0.8219572913652758,0,0,-0.7035249354218003,0,1
380,1,1,0,0.9525874938266037,0,0,2.6876109653982496,0,0
381,1,3,0,-2.21073147108066,0,2,-0.4105874197691779,0,0
382,0,3,1,0.18104628287361257,0,0,-0.6980093985812146,0,1
383,1,1,0,0.4125086461595099,1,0,0.9226391764108559,0,1
384,0,3,1,0.00352372718875205,0,0,-0.6990830897528485,0,1
385,0,2,1,-0.8991114124605749,0,0,1.7131994568947928,0,1
386,0,3,1,-2.21073147108066,5,2,0.7351109238309452,0,1
387,1,2,0,0.489662767254809,0,0,-0.5114004021414016,0,1
388,0,3,1,0.00352372718875205,0,0,-0.7052090126704591,1,0
389,1,2,0,-0.976265533555874,0,0,-0.5481706477453057,0,0
390,1,1,1,0.489662767254809,1,2,2.6876109653982496,0,1
391,1,3,1,-0.6676490491746776,0,0,-0.702760114313239,0,1
392,0,3,1,-0.12757020150758383,2,0,-0.6980093985812146,0,1
393,1,1,0,-0.5133408069840794,1,0,2.6876109653982496,0,0
394,1,3,0,-0.4361866858887803,0,2,-0.3753504934069567,0,1
395,0,3,1,-0.5904949280793784,0,0,-0.702760114313239,0,1
396,0,3,0,0.10389216177831348,0,0,-0.7006127319699711,0,1
397,0,2,1,1.2612039782078002,0,0,-0.03338720929064909,0,1
398,0,2,1,-0.5133408069840794,0,0,-0.6033260161511617,0,1
399,1,2,0,-0.12757020150758383,0,0,-0.524269988102768,0,1
400,1,3,1,0.7211251305407064,0,0,-0.6980093985812146,0,1
401,0,3,1,-0.28187844369818205,0,0,-0.6934131178807266,0,1
402,0,3,0,-0.6676490491746776,1,0,-0.628145931933797,0,1
403,0,3,1,-0.12757020150758383,1,0,-0.4066052021702751,0,1
404,0,3,0,-0.7448031702699767,0,0,-0.6708913424483353,0,1
405,0,2,1,0.3353545250642108,1,0,-0.21723843731016929,0,1
406,0,3,1,1.6469745836842955,0,0,-0.7044441915618977,0,1
407,1,2,1,-2.0564232288900617,1,1,-0.2999714899189534,0,1
408,0,3,1,-0.6676490491746776,0,0,-0.7035249354218003,0,1
409,0,3,0,0.00352372718875205,3,1,-0.05299678127121114,0,1
410,0,3,1,0.00352372718875205,0,0,-0.6990830897528485,0,1
411,0,3,1,0.00352372718875205,0,0,-0.737232219566899,1,0
412,1,1,0,0.2582004039689117,1,0,2.3199085093592093,1,0
413,0,2,1,0.00352372718875205,0,0,-0.9894135949921541,0,1
414,1,3,1,1.1068957360172018,0,0,-0.6980093985812146,0,1
415,0,3,0,0.00352372718875205,0,0,-0.6934131178807266,0,1
416,1,2,0,0.3353545250642108,1,1,0.20561938713472716,0,1
417,1,2,0,-0.8991114124605749,0,2,-0.5114004021414016,0,1
418,0,2,1,0.026738040683014372,0,0,-0.5114004021414016,0,1
419,0,3,0,-1.5163443812229678,0,2,-0.10141216365787162,0,1
420,0,3,1,0.00352372718875205,0,0,-0.6990830897528485,0,0
421,0,3,1,-0.6676490491746776,0,0,-0.705058254663483,1,0
422,0,3,1,-0.050416080412284736,0,0,-0.6998479108614098,0,1
423,0,3,0,-0.12757020150758383,1,1,-0.4599220582959359,0,1
424,0,3,1,-0.8991114124605749,1,1,-0.24619500572324376,0,1
425,0,3,1,0.00352372718875205,0,0,-0.7228293143638498,0,1
426,1,2,0,-0.12757020150758383,1,0,-0.03338720929064909,0,1
427,1,2,0,-0.8219572913652758,0,0,-0.03338720929064909,0,1
428,0,3,1,0.00352372718875205,0,0,-0.7044441915618977,1,0
429,1,3,1,0.18104628287361257,0,0,-0.6934131178807266,0,1
430,1,1,1,-0.12757020150758383,0,0,-0.013163574208501843,0,1
431,1,3,0,0.00352372718875205,1,0,-0.397412640769299,0,1
432,1,2,0,0.9525874938266037,1,0,-0.03338720929064909,0,1
433,0,3,1,-0.976265533555874,0,0,-0.7274255950643378,0,1
434,0,1,1,1.5698204625889964,1,0,1.0660431342660817,0,1
435,1,1,0,-1.2077278968417713,1,2,2.6876109653982496,0,1
436,0,3,0,-0.6676490491746776,2,2,0.27456359764204724,0,1
437,1,2,0,-0.4361866858887803,2,3,-0.2999714899189534,0,1
438,0,1,1,2.6499781579231843,1,4,2.6876109653982496,0,1
439,0,2,1,0.10389216177831348,0,0,-0.6033260161511617,0,1
440,1,2,0,1.1840498571125009,1,1,-0.02419464788967308,0,1
441,0,3,1,-0.7448031702699767,0,0,-0.6400962617550657,0,1
442,0,3,1,-0.35903256479348117,1,0,-0.7035249354218003,0,1
443,1,2,0,-0.12757020150758383,0,0,-0.5114004021414016,0,1
444,1,3,1,0.00352372718875205,0,0,-0.6911149775304826,0,1
445,1,1,1,-1.9792691077947624,0,2,2.020536200725904,0,1
446,1,2,0,-1.2848820179370704,0,1,-0.27239380571602534,0,1
447,1,1,1,0.3353545250642108,0,0,-0.013163574208501843,0,1
448,1,3,0,-1.9021149866994633,2,1,-0.281281174078489,0,0
449,1,1,1,1.7241287047795948,0,0,0.13207889592691907,0,1
450,0,2,1,0.489662767254809,1,2,0.030960720516182975,0,1
451,0,3,1,0.00352372718875205,1,0,-0.25523313209268333,0,1
452,0,1,1,0.026738040683014372,0,0,0.030960720516182975,0,0
453,1,1,1,1.4926663414936974,1,0,2.2869697233472324,0,0
454,0,3,1,0.00352372718875205,0,0,-0.6934131178807266,0,1
455,1,3,1,-0.050416080412284736,0,0,-0.6990830897528485,0,0
456,0,1,1,2.7271322790184835,0,0,-0.013163574208501843,0,1
457,1,1,0,0.00352372718875205,1,0,0.9175832676403191,0,1
458,1,2,0,1.5698204625889964,0,0,-0.6033260161511617,0,1
459,0,3,1,0.00352372718875205,0,0,-0.7044441915618977,1,0
460,1,1,1,1.4155122203983983,0,0,-0.013163574208501843,0,1
461,0,3,1,0.3353545250642108,0,0,-0.6934131178807266,0,1
462,0,1,1,1.3383580993030992,0,0,0.4262408607581514,0,1
463,0,2,1,1.4155122203983983,0,0,-0.5114004021414016,0,1
464,0,3,1,0.00352372718875205,0,0,-0.6934131178807266,0,1
465,0,3,1,0.6439710094454072,0,0,-0.7301833634846306,0,1
466,0,2,1,0.00352372718875205,0,0,-0.9894135949921541,0,1
467,0,1,1,2.0327451891607913,0,0,-0.013163574208501843,0,1
468,0,3,1,0.00352372718875205,0,0,-0.7053634477019953,1,0
469,1,3,0,-2.2300200013544846,2,1,-0.281281174078489,0,0
470,0,3,1,0.00352372718875205,0,0,-0.7228293143638498,0,1
471,0,3,1,0.6439710094454072,0,0,-0.6708913424483353,0,1
472,1,2,0,0.2582004039689117,1,2,0.030960720516182975,0,1
473,1,2,0,-0.5133408069840794,0,0,-0.48228939869679077,0,0
474,0,3,0,-0.5904949280793784,0,0,-0.6276863038637481,0,1
475,0,1,1,0.00352372718875205,0,0,0.9226391764108559,0,1
476,0,2,1,0.3353545250642108,1,0,-0.21723843731016929,0,1
477,0,3,1,-0.050416080412284736,1,0,-0.730337798516167,0,1
478,0,3,1,-0.5904949280793784,0,0,-0.7128719318543125,0,1
479,1,3,0,-2.1335773499853605,0,1,-0.5375992021341832,0,1
480,0,3,1,-1.5934985023182668,5,2,0.7351109238309452,0,1
481,0,2,1,0.00352372718875205,0,0,-0.9894135949921541,0,1
482,0,3,1,1.5698204625889964,0,0,-0.6934131178807266,0,1
483,1,3,0,2.572824036827885,0,0,-0.6368788652647241,0,1
484,1,1,1,-0.35903256479348117,1,0,2.359590958414943,0,0
485,0,3,0,0.00352372718875205,3,1,-0.05299678127121114,0,1
486,1,1,0,0.4125086461595099,1,0,2.3199085093592093,0,1
487,0,1,1,2.1870534313513894,0,0,0.10266269944379583,0,0
488,0,3,1,0.026738040683014372,0,0,-0.6934131178807266,0,1
489,1,3,1,-1.5934985023182668,1,1,-0.40476668989007986,0,1
490,0,3,1,0.00352372718875205,1,0,-0.25523313209268333,0,1
491,0,3,1,-0.6676490491746776,0,0,-0.7228293143638498,0,1
492,0,1,1,1.955591068065492,0,0,0.13207889592691907,0,1
493,0,1,1,3.190057005590278,0,0,0.8308679974326321,0,0
494,0,3,1,-0.6676490491746776,0,0,-0.6934131178807266,0,1
495,0,3,1,0.00352372718875205,0,0,-0.45777835297722835,0,0
496,1,1,0,1.878436946970193,1,0,1.888472186614922,0,0
497,0,3,1,0.00352372718875205,0,0,-0.4341828863732031,0,1
498,0,1,0,-0.35903256479348117,1,2,2.6876109653982496,0,1
499,0,3,1,-0.4361866858887803,0,0,-0.702760114313239,0,1
500,0,3,1,-0.976265533555874,0,0,-0.6708913424483353,0,1
501,0,3,0,-0.6676490491746776,0,0,-0.7044441915618977,1,0
502,0,3,0,0.00352372718875205,0,0,-0.7088860372308494,1,0
503,0,3,0,0.5668168883501081,0,0,-0.6368788652647241,0,1
504,1,1,0,-1.0534196546511732,0,0,2.191212649745545,0,1
505,0,1,1,-0.8991114124605749,1,0,2.6876109653982496,0,0
506,1,2,0,0.2582004039689117,0,2,-0.03338720929064909,0,1
507,1,1,1,0.00352372718875205,0,0,-0.013163574208501843,0,1
508,0,3,1,-0.12757020150758383,0,0,-0.16116381276421568,0,1
509,1,3,1,-0.28187844369818205,0,0,1.087950846596888,0,1
510,1,3,1,-0.050416080412284736,0,0,-0.7044441915618977,1,0
511,0,3,1,0.00352372718875205,0,0,-0.6934131178807266,0,1
512,1,1,1,0.489662767254809,0,0,-0.02281576367952663,0,1
513,1,1,0,1.878436946970193,1,0,1.1947389938797457,0,0
514,0,3,1,-0.4361866858887803,0,0,-0.7137911879944102,0,1
515,0,1,1,1.3383580993030992,0,0,0.26153957664914446,0,1
516,1,2,0,0.3353545250642108,0,0,-0.6033260161511617,0,1
517,0,3,1,0.00352372718875205,0,0,-0.10141216365787162,1,0
518,1,2,0,0.489662767254809,1,0,-0.03338720929064909,0,1
519,0,3,1,0.18104628287361257,0,0,-0.6990830897528485,0,1
520,1,1,0,0.026738040683014372,0,0,2.4486043689728736,0,1
521,0,3,1,-0.5904949280793784,0,0,-0.6990830897528485,0,1
522,0,3,1,0.00352372718875205,0,0,-0.7237485705039474,0,0
523,1,1,0,1.1068957360172018,0,1,1.142495828925719,0,0
524,0,3,1,0.00352372718875205,0,0,-0.723594135472411,0,0
525,0,3,1,0.836856312183655,0,0,-0.7044441915618977,1,0
526,1,2,0,1.5698204625889964,0,0,-0.6033260161511617,0,1
527,0,1,1,0.00352372718875205,0,0,2.6876109653982496,0,1
528,0,3,1,0.7211251305407064,0,0,-0.6980093985812146,0,1
529,0,2,1,-0.5133408069840794,2,1,-0.5665557705472577,0,1
530,1,2,0,-2.1335773499853605,1,1,-0.03338720929064909,0,1
531,0,3,1,0.00352372718875205,0,0,-0.723594135472411,0,0
532,0,3,1,-0.976265533555874,1,1,-0.723594135472411,0,0
533,1,3,0,0.00352372718875205,0,2,-0.16729341270638642,0,0
534,0,3,0,0.026738040683014372,0,0,-0.6708913424483353,0,1
535,1,2,0,-1.747806744508865,0,2,-0.02419464788967308,0,1
536,0,1,1,1.1840498571125009,0,0,-0.013163574208501843,0,1
537,1,1,0,0.026738040683014372,0,0,2.6876109653982496,0,0
538,0,3,1,0.00352372718875205,0,0,-0.45624503373554554,0,1
539,1,1,0,-0.5904949280793784,0,2,0.8307135624010958,0,0
540,1,1,0,0.489662767254809,0,2,1.6212738428850326,0,1
541,0,3,0,-1.5934985023182668,4,2,0.16057583626994465,0,1
542,0,3,0,-1.4391902601276687,4,2,0.16057583626994465,0,1
543,1,2,1,0.18104628287361257,1,0,-0.03338720929064909,0,1
544,0,1,1,1.5698204625889964,1,0,2.6876109653982496,0,0
545,0,1,1,2.6499781579231843,0,0,-0.03338720929064909,0,1
546,1,2,0,-0.8219572913652758,1,0,-0.03338720929064909,0,1
547,1,2,1,0.00352372718875205,0,0,-0.4796860653080343,0,0
548,0,3,1,0.2582004039689117,1,1,-0.23470430397202377,0,1
549,1,2,1,-1.670652623413566,1,1,0.3618929309513193,0,1
550,1,1,1,-0.976265533555874,0,2,2.6876109653982496,0,0
551,0,2,1,-0.20472432260288295,0,0,-0.03338720929064909,0,1
552,0,3,1,0.00352372718875205,0,0,-0.7015319881100686,1,0
553,1,3,1,-0.5904949280793784,0,0,-0.7237485705039474,0,0
554,1,3,0,-0.5904949280793784,0,0,-0.7035249354218003,0,1
555,0,1,1,2.495669915732586,0,0,-0.013163574208501843,0,1
556,1,1,0,1.4155122203983983,1,0,0.4666881309224459,0,0
557,0,1,1,0.00352372718875205,0,0,2.6876109653982496,0,0
558,1,1,0,0.7211251305407064,1,1,1.9393364673588027,0,1
559,1,3,0,0.489662767254809,1,0,-0.34961132148422386,0,1
560,0,3,1,0.00352372718875205,0,0,-0.7044441915618977,1,0
561,0,3,1,0.7982792516360054,0,0,-0.6990830897528485,0,1
562,0,2,1,-0.12757020150758383,0,0,-0.49301527933944955,0,1
563,0,3,1,0.00352372718875205,0,0,-0.6934131178807266,0,1
564,0,3,0,0.00352372718875205,0,0,-0.6934131178807266,0,1
565,0,3,1,-0.4361866858887803,2,0,-0.10141216365787162,0,1
566,0,3,1,-0.8219572913652758,0,0,-0.6990830897528485,0,1
567,0,3,0,-0.050416080412284736,0,4,-0.21448066888987652,0,1
568,0,3,1,0.00352372718875205,0,0,-0.723594135472411,0,0
569,1,3,1,0.18104628287361257,0,0,-0.7006127319699711,0,1
570,1,2,1,2.495669915732586,0,0,-0.6033260161511617,0,1
571,1,1,0,1.8012828258748939,2,0,0.9034892325003426,0,1
572,1,1,1,0.489662767254809,0,0,-0.019138739119136303,0,1
573,1,3,0,0.00352372718875205,0,0,-0.7044441915618977,1,0
574,0,3,1,-1.0534196546511732,0,0,-0.6934131178807266,0,1
575,0,3,1,-0.8219572913652758,0,0,-0.45624503373554554,0,1
576,1,2,0,0.3353545250642108,0,0,-0.5114004021414016,0,1
577,1,1,0,0.7211251305407064,1,0,1.0660431342660817,0,1
578,0,3,0,0.00352372718875205,1,0,-0.45777835297722835,0,0
579,1,3,1,0.18104628287361257,0,0,-0.6980093985812146,0,1
580,1,2,0,-0.35903256479348117,1,1,0.11369377312496706,0,1
581,1,1,0,0.7211251305407064,1,1,2.6876109653982496,0,0
582,0,2,1,1.878436946970193,0,0,-0.03338720929064909,0,1
583,0,1,1,0.489662767254809,0,0,0.48599250986449544,0,0
584,0,3,1,0.00352372718875205,0,0,-0.6690528301681402,0,0
585,1,1,0,-0.8991114124605749,0,2,1.9393364673588027,0,1
586,0,2,1,1.3383580993030992,0,0,-0.4378599109335935,0,1
587,1,1,1,2.3413616735419875,1,1,1.9227898568370458,0,0
588,0,3,1,-0.5904949280793784,0,0,-0.6934131178807266,0,1
589,0,3,1,0.00352372718875205,0,0,-0.6934131178807266,0,1
590,0,3,1,0.4125086461595099,0,0,-0.7274255950643378,0,1
591,1,1,0,1.7241287047795948,1,0,1.888472186614922,0,0
592,0,3,1,1.3383580993030992,0,0,-0.7228293143638498,0,1
593,0,3,0,0.00352372718875205,0,2,-0.7044441915618977,1,0
594,0,2,1,0.5668168883501081,1,0,-0.03338720929064909,0,1
595,0,3,1,0.489662767254809,1,1,-0.10141216365787162,0,1
596,1,2,0,0.00352372718875205,0,0,0.22400450993667917,0,1
597,0,3,1,1.4926663414936974,0,0,-0.9894135949921541,0,1
598,0,3,1,0.00352372718875205,0,0,-0.7237485705039474,0,0
599,1,1,1,1.4926663414936974,1,0,1.1038870710416198,0,0
600,1,2,0,-0.4361866858887803,2,1,0.003383036313254947,0,1
601,0,3,1,0.00352372718875205,0,0,-0.6990830897528485,0,1
602,0,1,1,0.00352372718875205,0,0,0.5696448186133771,0,1
603,0,3,1,1.1068957360172018,0,0,-0.6934131178807266,0,1
604,1,1,1,0.4125086461595099,0,0,-0.013163574208501843,0,0
605,0,3,1,0.489662767254809,1,0,-0.41763627585144625,0,1
606,0,3,1,0.026738040683014372,0,0,-0.6990830897528485,0,1
607,1,1,1,-0.20472432260288295,0,0,0.13207889592691907,0,1
608,1,2,0,-0.5904949280793784,1,2,0.5394638010216927,0,0
609,1,1,0,0.7982792516360054,0,0,2.6876109653982496,0,1
610,0,3,0,0.7211251305407064,1,5,0.16057583626994465,0,1
611,0,3,1,0.00352372718875205,0,0,-0.7301833634846306,0,1
612,1,3,0,0.00352372718875205,1,0,-0.4194747881316415,1,0
613,0,3,1,0.00352372718875205,0,0,-0.7044441915618977,1,0
614,0,3,1,0.4125086461595099,0,0,-0.6934131178807266,0,1
615,1,2,0,-0.4361866858887803,1,2,1.4006523692616084,0,1
616,0,3,1,0.3353545250642108,1,1,-0.4599220582959359,0,1
617,0,3,0,-0.28187844369818205,1,0,-0.397412640769299,0,1
618,1,2,0,-1.9792691077947624,2,1,0.4446259835601034,0,1
619,0,2,1,-0.28187844369818205,0,0,-0.6033260161511617,0,1
620,0,3,1,-0.20472432260288295,1,0,-0.45792911098420436,0,0
621,1,1,1,0.9525874938266037,1,0,0.9430172465245396,0,1
622,1,3,1,-0.7448031702699767,1,1,-0.4105874197691779,0,0
623,0,3,1,-0.6676490491746776,0,0,-0.7006127319699711,0,1
624,0,3,1,-0.6676490491746776,0,0,-0.397412640769299,0,1
625,0,1,1,2.418515794637287,0,0,0.1990301591225075,0,1
626,0,2,1,2.10989931025609,0,0,-0.5353010617839392,1,0
627,1,1,0,-0.6676490491746776,0,0,1.8771322428706778,0,1
628,0,3,1,-0.28187844369818205,0,0,-0.6990830897528485,0,1
629,0,3,1,0.00352372718875205,0,0,-0.705058254663483,1,0
630,1,1,1,3.8844440954479698,0,0,0.11369377312496706,0,1
631,0,3,1,1.6469745836842955,0,0,-0.7300289284530942,0,1
632,1,1,1,0.18104628287361257,0,0,0.13207889592691907,0,0
633,0,1,1,0.00352372718875205,0,0,-0.9894135949921541,0,1
634,0,3,0,-1.5934985023182668,3,2,0.03647625735676853,0,1
635,1,2,0,-0.12757020150758383,0,0,-0.5114004021414016,0,1
636,0,3,1,0.18104628287361257,0,0,-0.6980093985812146,0,1
637,0,2,1,0.10389216177831348,1,1,-0.02419464788967308,0,1
638,0,3,0,0.8754333727313045,0,5,0.46990552741278746,0,1
639,0,3,1,0.00352372718875205,1,0,-0.397412640769299,0,1
640,0,3,1,-0.7448031702699767,0,0,-0.7006127319699711,0,1
641,1,1,0,-0.4361866858887803,0,0,1.5587644253583957,0,0
642,0,3,0,-2.1335773499853605,3,2,0.03647625735676853,0,1
643,1,3,1,0.00352372718875205,0,0,1.087950846596888,0,1
644,1,3,0,-2.2300200013544846,2,1,-0.281281174078489,0,0
645,1,1,1,1.4155122203983983,1,0,1.83193793399892,0,0
646,0,3,1,-0.8219572913652758,0,0,-0.6990830897528485,0,1
647,1,1,1,2.0327451891607913,0,0,0.31593012394643927,0,0
648,0,3,1,0.00352372718875205,0,0,-0.7117982406826786,0,1
649,1,3,0,-0.5133408069840794,0,0,-0.7117982406826786,0,1
650,0,3,1,0.00352372718875205,0,0,-0.6990830897528485,0,1
651,1,2,0,-0.8991114124605749,0,1,-0.1436979461023612,0,1
652,0,3,1,-0.6676490491746776,0,0,-0.6793190827407503,0,1
653,1,3,0,0.00352372718875205,0,0,-0.7015319881100686,1,0
654,0,3,0,-0.8991114124605749,0,0,-0.7412144371658018,1,0
655,0,2,1,-0.4361866858887803,2,0,1.7131994568947928,0,1
656,0,3,1,0.00352372718875205,0,0,-0.6990830897528485,0,1
657,0,3,0,0.18104628287361257,1,1,-0.4194747881316415,1,0
658,0,2,1,-0.5133408069840794,0,0,-0.5114004021414016,0,1
659,0,1,1,2.1870534313513894,0,2,2.6876109653982496,0,0
660,1,1,1,1.5698204625889964,2,0,2.6876109653982496,0,1
661,0,3,1,0.7982792516360054,0,0,-0.7237485705039474,0,0
662,0,1,1,1.3383580993030992,0,0,-0.04855493560225956,0,1
663,0,3,1,0.489662767254809,0,0,-0.7137911879944102,0,1
664,1,3,1,-0.7448031702699767,1,0,-0.6980093985812146,0,1
665,0,2,1,0.18104628287361257,2,0,1.7131994568947928,0,1
666,0,2,1,-0.35903256479348117,0,0,-0.5114004021414016,0,1
667,0,3,1,0.00352372718875205,0,0,-0.7035249354218003,0,1
668,0,3,1,1.0297416149219027,0,0,-0.6934131178807266,0,1
669,1,1,0,0.00352372718875205,1,0,0.9226391764108559,0,1
670,1,2,0,0.7982792516360054,1,1,0.4446259835601034,0,1
671,0,1,1,0.10389216177831348,1,0,0.9226391764108559,0,1
672,0,2,1,3.112902884494979,0,0,-0.6033260161511617,0,1
673,1,2,1,0.10389216177831348,0,0,-0.5114004021414016,0,1
674,0,2,1,0.00352372718875205,0,0,-0.9894135949921541,0,1
675,0,3,1,-0.8991114124605749,0,0,-0.7035249354218003,0,1
676,0,3,1,-0.3976096253411307,0,0,-0.6934131178807266,0,1
677,1,3,0,-0.8991114124605749,0,0,-0.6275318688322118,0,1
678,0,3,0,1.0297416149219027,1,6,0.7351109238309452,0,1
679,1,1,1,0.489662767254809,0,1,2.6876109653982496,0,0
680,0,3,0,0.00352372718875205,0,0,-0.690195721390385,1,0
681,1,1,1,-0.20472432260288295,0,0,1.83193793399892,0,0
682,0,3,1,-0.7448031702699767,0,0,-0.6502080792961393,0,1
683,0,3,1,-1.2077278968417713,5,2,0.7351109238309452,0,1
684,0,2,1,2.3413616735419875,1,1,0.4446259835601034,0,1
685,0,2,1,-0.35903256479348117,1,2,0.5394638010216927,0,0
686,0,3,1,-1.2077278968417713,4,1,0.46990552741278746,0,1
687,0,3,1,-0.8219572913652758,0,0,-0.6154307810039669,0,1
688,0,3,1,-0.8991114124605749,0,0,-0.702760114313239,0,1
689,1,1,0,-1.1305737757464722,0,1,2.6876109653982496,0,1
690,1,1,1,0.10389216177831348,1,0,1.106490404430376,0,1
691,1,3,0,-1.9792691077947624,0,1,-0.49607824079825474,0,0
692,1,3,1,0.00352372718875205,0,0,1.087950846596888,0,1
693,0,3,1,-0.35903256479348117,0,0,-0.7237485705039474,0,0
694,0,1,1,2.3413616735419875,0,0,-0.013163574208501843,0,1
695,0,2,1,1.7241287047795948,0,0,-0.49301527933944955,0,1
696,0,3,1,1.1068957360172018,0,0,-0.6934131178807266,0,1
697,1,3,0,0.00352372718875205,0,0,-0.705058254663483,1,0
698,0,1,1,1.4926663414936974,1,1,2.6876109653982496,0,0
699,0,3,1,0.9525874938266037,0,0,-0.7081212161222883,0,1
700,1,1,0,-0.8991114124605749,1,0,2.6876109653982496,0,0
701,1,1,1,0.4125086461595099,0,0,-0.02281576367952663,0,1
702,0,3,0,-0.8991114124605749,0,1,-0.45792911098420436,0,0
703,0,3,1,-0.35903256479348117,0,0,-0.7047493846004101,1,0
704,0,3,1,-0.28187844369818205,1,0,-0.7006127319699711,0,1
705,0,2,1,0.7211251305407064,0,0,-0.03338720929064909,0,1
706,1,2,0,1.1840498571125009,0,0,-0.49301527933944955,0,1
707,1,1,1,0.9525874938266037,0,0,-0.02281576367952663,0,1
708,1,1,0,-0.5904949280793784,0,0,2.6876109653982496,0,1
709,1,3,1,0.00352372718875205,1,1,-0.42882178456415393,0,0
710,1,1,0,-0.4361866858887803,0,0,0.8308679974326321,0,0
711,0,1,1,0.00352372718875205,0,0,-0.013163574208501843,0,1
712,1,1,1,1.4155122203983983,1,0,0.9226391764108559,0,1
713,0,3,1,-0.050416080412284736,0,0,-0.6407103248566509,0,1
714,0,2,1,1.7241287047795948,0,0,-0.5114004021414016,0,1
715,0,3,1,-0.8219572913652758,0,0,-0.7081212161222883,0,1
716,1,1,0,0.6439710094454072,0,0,2.6876109653982496,0,0
717,1,2,0,-0.20472432260288295,0,0,-0.6033260161511617,0,1
718,0,3,1,0.00352372718875205,0,0,-0.4194747881316415,1,0
719,0,3,1,0.2582004039689117,0,0,-0.7035249354218003,0,1
720,1,2,0,-1.8249608656041643,0,1,0.22400450993667917,0,1
721,0,3,1,-0.976265533555874,1,0,-0.7300289284530942,0,1
722,0,2,1,0.3353545250642108,0,0,-0.5114004021414016,0,1
723,0,2,1,1.5698204625889964,0,0,-0.5114004021414016,0,1
724,1,1,1,-0.20472432260288295,1,0,0.9630864465751504,0,1
725,0,3,1,-0.7448031702699767,0,0,-0.6708913424483353,0,1
726,1,2,0,0.026738040683014372,3,0,-0.21723843731016929,0,1
727,1,3,0,0.00352372718875205,0,0,-0.7049038196319466,1,0
728,0,2,1,-0.35903256479348117,1,0,-0.03338720929064909,0,1
729,0,3,0,-0.35903256479348117,1,0,-0.6980093985812146,0,1
730,1,1,0,-0.050416080412284736,0,0,2.6876109653982496,0,1
731,0,3,1,-1.4391902601276687,0,0,-0.2985926057088069,0,0
732,0,2,1,0.00352372718875205,0,0,-0.9894135949921541,0,1
733,0,2,1,-0.5133408069840794,0,0,-0.5114004021414016,0,1
734,0,2,1,-0.5133408069840794,0,0,-0.5114004021414016,0,1
735,0,3,1,-0.08899314095993428,0,0,-0.397412640769299,0,1
736,0,3,0,1.4155122203983983,1,3,0.27456359764204724,0,1
737,1,1,1,0.4125086461595099,0,0,2.6876109653982496,0,0
738,0,3,1,0.00352372718875205,0,0,-0.6990830897528485,0,1
739,0,3,1,0.00352372718875205,0,0,-0.6990830897528485,0,1
740,1,1,1,0.00352372718875205,0,0,0.11369377312496706,0,1
741,0,1,1,0.489662767254809,1,0,1.909920270875679,0,1
742,1,1,0,-0.6676490491746776,2,2,2.6876109653982496,0,0
743,0,3,1,-0.4361866858887803,1,0,-0.397412640769299,0,1
744,1,3,1,0.10389216177831348,0,0,-0.6980093985812146,0,1
745,0,1,1,3.112902884494979,1,1,1.6212738428850326,0,1
746,0,3,1,-1.0534196546511732,1,1,-0.2448161215130973,0,1
747,1,2,0,0.026738040683014372,0,0,-0.5114004021414016,0,1
748,0,1,1,-0.8219572913652758,1,0,0.9630864465751504,0,1
749,0,3,1,0.10389216177831348,0,0,-0.7044441915618977,1,0
750,1,2,0,-1.9792691077947624,1,1,-0.1436979461023612,0,1
751,1,3,1,-1.8249608656041643,0,1,-0.5307047810834512,0,1
752,0,3,1,0.2582004039689117,0,0,-0.6400962617550657,0,1
753,0,3,1,-0.5133408069840794,0,0,-0.6990830897528485,0,1
754,1,2,0,1.4155122203983983,1,2,1.4006523692616084,0,1
755,1,2,1,-2.2361923310421083,1,1,-0.45624503373554554,0,1
756,0,3,1,-0.12757020150758383,0,0,-0.702760114313239,0,1
757,0,2,1,-0.8991114124605749,0,0,-0.5665557705472577,0,1
758,0,3,1,0.3353545250642108,0,0,-0.6934131178807266,0,1
759,1,1,0,0.2582004039689117,0,0,2.191212649745545,0,1
760,0,3,1,0.00352372718875205,0,0,-0.45624503373554554,0,1
761,0,3,1,0.8754333727313045,0,0,-0.7274255950643378,0,1
762,1,3,1,-0.7448031702699767,0,0,-0.723594135472411,0,0
763,1,1,0,0.489662767254809,1,2,2.6876109653982496,0,1
764,0,3,1,-1.0534196546511732,0,0,-0.7035249354218003,0,1
765,1,1,0,1.6469745836842955,1,0,1.8771322428706778,0,1
766,0,1,1,0.00352372718875205,0,0,0.4666881309224459,0,0
767,0,3,0,0.06531510123066392,0,0,-0.7044441915618977,1,0
768,0,3,1,0.00352372718875205,1,0,-0.10141216365787162,1,0
769,0,3,1,0.18104628287361257,0,0,-0.6819224161295065,0,1
770,0,3,1,-0.4361866858887803,0,0,-0.6400962617550657,0,1
771,0,3,1,1.4155122203983983,0,0,-0.7006127319699711,0,1
772,0,2,0,2.10989931025609,0,0,-0.6033260161511617,0,1
773,0,3,1,0.00352372718875205,0,0,-0.7237485705039474,0,0
774,1,2,0,1.878436946970193,1,3,-0.1436979461023612,0,1
775,0,3,1,-0.8991114124605749,0,0,-0.7044441915618977,0,1
776,0,3,1,0.00352372718875205,0,0,-0.7044441915618977,1,0
777,1,3,0,-1.9021149866994633,0,0,-0.5307047810834512,0,1
778,0,3,1,0.00352372718875205,0,0,-0.7049038196319466,1,0
779,1,1,0,1.0297416149219027,0,1,2.6876109653982496,0,1
780,1,3,0,-1.2848820179370704,0,0,-0.723594135472411,0,0
781,1,1,0,-0.976265533555874,1,0,1.106490404430376,0,1
782,0,1,1,-0.050416080412284736,0,0,0.11369377312496706,0,1
783,0,3,1,0.00352372718875205,1,2,-0.12715133558060443,0,1
784,0,3,1,-0.35903256479348117,0,0,-0.7301833634846306,0,1
785,0,3,1,-0.35903256479348117,0,0,-0.7228293143638498,0,1
786,1,3,0,-0.8991114124605749,0,0,-0.7137911879944102,0,1
787,0,3,1,-1.670652623413566,4,1,0.08151980822155103,1,0
788,1,3,1,-2.21073147108066,1,2,-0.23286579169182853,0,1
789,0,1,1,1.2612039782078002,0,0,1.9227898568370458,0,0
790,0,3,1,0.00352372718875205,0,0,-0.7044441915618977,1,0
791,0,2,1,-1.0534196546511732,0,0,-0.03338720929064909,0,1
792,0,3,0,0.00352372718875205,8,2,1.5679569867593717,0,1
793,0,1,1,0.00352372718875205,0,0,0.13927851001616343,0,0
794,0,3,1,-0.35903256479348117,0,0,-0.6990830897528485,0,1
795,0,2,1,0.7211251305407064,0,0,-0.5114004021414016,0,1
796,1,1,0,1.4926663414936974,0,0,-0.03599054267940544,0,1
797,1,3,0,0.10389216177831348,0,0,-0.6701265213397742,0,1
798,0,3,1,0.026738040683014372,0,0,-0.723594135472411,0,0
799,0,3,0,0.026738040683014372,1,1,-0.10141216365787162,0,1
800,0,2,1,0.3353545250642108,0,0,-0.5114004021414016,0,1
801,1,2,0,0.10389216177831348,1,1,-0.02419464788967308,0,1
802,1,1,1,-1.4391902601276687,1,2,2.6876109653982496,0,1
803,1,3,1,-2.255480861315933,0,1,-0.6762524442573846,0,0
804,1,3,1,-0.20472432260288295,0,0,-0.7329411319049234,0,1
805,0,3,1,0.10389216177831348,0,0,-0.7035249354218003,0,1
806,0,1,1,0.7211251305407064,0,0,-0.9894135949921541,0,1
807,0,3,0,-0.8991114124605749,0,0,-0.7035249354218003,0,1
808,0,2,1,0.7211251305407064,0,0,-0.5114004021414016,0,1
809,1,1,0,0.2582004039689117,1,0,0.9630864465751504,0,1
810,0,3,1,-0.28187844369818205,0,0,-0.699388282791361,0,1
811,0,3,1,0.7211251305407064,0,0,-0.10141216365787162,0,1
812,0,2,1,0.4125086461595099,0,0,-0.6033260161511617,0,1
813,0,3,0,-1.8249608656041643,4,2,0.16057583626994465,0,1
814,0,3,1,0.06531510123066392,0,0,-0.6934131178807266,0,1
815,0,1,1,0.00352372718875205,0,0,-0.9894135949921541,0,1
816,0,3,0,-0.5133408069840794,0,0,-0.6980093985812146,0,1
817,0,2,1,0.10389216177831348,1,1,0.37123992738383166,0,0
818,0,3,1,1.0297416149219027,0,0,-0.7522455108469731,0,1
819,0,3,1,-1.5163443812229678,3,2,0.03647625735676853,0,1
820,1,1,0,1.7241287047795948,1,1,2.4486043689728736,0,1
821,1,3,1,-0.20472432260288295,0,0,-0.6708913424483353,0,1
822,0,1,1,0.6439710094454072,0,0,-0.9894135949921541,0,1
823,1,3,0,-0.20472432260288295,0,1,-0.5307047810834512,0,1
824,0,3,1,-2.1335773499853605,4,1,0.46990552741278746,0,1
825,0,3,1,0.00352372718875205,0,0,-0.7338603880450211,1,0
826,0,3,1,0.00352372718875205,0,0,1.087950846596888,0,1
827,1,2,1,-2.21073147108066,0,2,0.37123992738383166,0,0
828,1,3,1,0.00352372718875205,0,0,-0.7044441915618977,1,0
830,1,3,0,-1.1305737757464722,1,0,-0.45792911098420436,0,0
831,1,2,1,-2.2238476716668605,1,1,-0.2999714899189534,0,1
832,0,3,1,0.00352372718875205,0,0,-0.723594135472411,0,0
833,0,3,1,-0.5133408069840794,0,0,-0.7006127319699711,0,1
834,0,3,1,-0.8991114124605749,0,0,-0.6842205564797506,0,1
835,1,1,0,0.7211251305407064,1,1,2.068337520010979,0,0
836,0,3,1,-0.6676490491746776,0,0,-0.6708913424483353,0,1
837,0,3,1,0.00352372718875205,0,0,-0.6934131178807266,0,1
838,1,3,1,0.18104628287361257,0,0,1.087950846596888,0,1
839,1,1,1,0.00352372718875205,0,0,0.10266269944379583,0,0
840,0,3,1,-0.7448031702699767,0,0,-0.6980093985812146,0,1
841,0,2,1,-1.0534196546511732,0,0,-0.6033260161511617,0,1
842,1,1,0,0.026738040683014372,0,0,0.1504640187288711,0,0
843,0,3,1,0.37393158561186035,0,0,-0.7527051389170218,0,0
844,0,3,1,-0.976265533555874,0,0,-0.6708913424483353,0,1
845,0,3,1,0.9525874938266037,0,0,-0.7117982406826786,0,1
846,0,3,1,0.00352372718875205,8,2,1.5679569867593717,0,1
847,0,3,1,0.4125086461595099,0,0,-0.6990830897528485,0,0
848,0,2,1,-0.12757020150758383,0,1,0.22400450993667917,0,1
849,1,1,0,0.00352372718875205,1,0,2.2869697233472324,0,0
850,0,3,1,-1.9792691077947624,4,2,0.16057583626994465,0,1
851,0,3,1,3.4215193688761754,0,0,-0.7035249354218003,0,1
852,0,3,0,-1.5934985023182668,1,1,-0.42882178456415393,0,0
853,1,1,0,-1.0534196546511732,0,1,0.45933408180166496,0,1
854,0,2,0,1.1068957360172018,1,0,-0.03338720929064909,0,1
855,1,3,0,-0.8991114124605749,0,1,-0.6456117985956513,0,1
856,1,1,0,1.1840498571125009,1,1,2.6876109653982496,0,1
857,1,1,1,1.6469745836842955,0,0,-0.013163574208501843,0,1
858,1,3,0,-0.4361866858887803,0,3,-0.281281174078489,0,0
859,0,3,1,0.00352372718875205,0,0,-0.723594135472411,0,0
860,0,3,1,0.8754333727313045,2,0,-0.47064793893859475,0,1
861,0,2,1,-0.6676490491746776,1,0,-0.5665557705472577,0,1
862,1,1,0,1.4155122203983983,0,0,-0.03599054267940544,0,1
863,0,3,0,0.00352372718875205,8,2,1.5679569867593717,0,1
864,0,2,1,-0.4361866858887803,0,0,-0.5114004021414016,0,1
865,1,2,0,0.9525874938266037,0,0,-0.5114004021414016,0,1
866,1,2,0,-0.20472432260288295,1,0,-0.47984050033957076,0,0
867,0,1,1,0.10389216177831348,0,0,0.8673293729734636,0,1
868,0,3,1,0.00352372718875205,0,0,-0.6400962617550657,0,1
869,1,3,1,-1.9792691077947624,1,1,-0.5800394196102092,0,1
870,0,3,1,-0.28187844369818205,0,0,-0.6990830897528485,0,1
871,1,1,0,1.3383580993030992,1,1,0.9430172465245396,0,1
872,0,1,1,0.2582004039689117,0,0,-0.805562366972634,0,1
873,0,3,1,1.3383580993030992,0,0,-0.6584813845570178,0,1
874,1,2,0,-0.12757020150758383,1,0,-0.10692770049845716,0,0
875,1,3,0,-1.1305737757464722,0,0,-0.7237485705039474,0,0
876,0,3,1,-0.7448031702699767,0,0,-0.6273811108252357,0,1
877,0,3,1,-0.8219572913652758,0,0,-0.6990830897528485,0,1
878,0,3,1,0.00352372718875205,0,0,-0.6990830897528485,0,1
879,1,1,0,2.0327451891607913,0,1,2.068337520010979,0,0
880,1,2,0,-0.35903256479348117,0,1,-0.03338720929064909,0,1
881,0,3,1,0.2582004039689117,0,0,-0.6990830897528485,0,1
882,0,3,0,-0.5904949280793784,0,0,-0.6027119530495765,0,1
883,0,2,1,-0.12757020150758383,0,0,-0.6033260161511617,0,1
884,0,3,1,-0.35903256479348117,0,0,-0.7301833634846306,0,1
885,0,3,0,0.7211251305407064,0,5,0.08151980822155103,1,0
886,0,2,1,-0.20472432260288295,0,0,-0.5114004021414016,0,1
887,1,1,0,-0.8219572913652758,0,0,0.11369377312496706,0,1
888,0,3,0,0.00352372718875205,1,2,-0.12715133558060443,0,1
889,1,1,1,-0.28187844369818205,0,0,0.11369377312496706,0,0
890,0,3,1,0.18104628287361257,0,0,-0.7044441915618977,1,0
